run num,std dev,max pcr,min pcr,avg pcr,total pcr,num terminal,k,target pcr,canvas size
10,105.8473931043352,353.0831283732416,53.692845559435646,190.44009031887032,2791.7296583301686,10,1,0.0,100
10,59.483500681617,219.77160406699483,16.175628694930946,94.08519540680666,2693.407217352127,20,1,0.0,100
10,43.775435887659214,172.9735512761546,1.118074451064372,62.728268552069665,2671.799344922837,30,1,0.0,100
10,32.7258417511719,145.9186523734814,4.368060140358198,46.59448080088953,2698.680601863727,40,1,0.0,100
10,30.366601901268403,136.39736993211878,2.5739621536304904,39.65986454499771,2787.3235888418503,50,1,0.0,100
10,69.69236852499654,252.48952369942555,46.67634285171083,144.61675166188994,2266.7824407694616,10,2,0.0,100
10,45.237320460495944,174.03036842300963,12.18422707273759,83.28127470810797,2485.0188069769392,20,2,0.0,100
10,38.88141327981383,154.09814282714382,5.94887399726269,61.60794641559378,2679.1484446386976,30,2,0.0,100
10,33.69760666259956,143.0585500887953,3.4677258122059422,48.98803337059933,2806.6326969910106,40,2,0.0,100
10,25.1600613230947,107.1437657674303,1.0455612821853237,36.26954002893042,2629.1609301032904,50,2,0.0,100
10,43.565729220974085,172.91889420456414,21.008926499881618,113.72918676724377,1920.0763012623022,10,3,0.0,100
10,44.07388312825715,162.2739731104807,17.09183330499085,79.1163415022277,2423.114704914323,20,3,0.0,100
10,31.156140087600903,115.69501931444579,4.697234036740651,52.34366537878784,2339.6301949406993,30,3,0.0,100
10,24.833789235224145,97.11441470450696,3.224493651301543,43.74988634754671,2558.0889876882056,40,3,0.0,100
9,19.730019438277687,83.70352165935256,1.2498760154483557,32.61619016117561,2395.4482341668713,50,3,0.0,100
10,36.772005408870235,142.05512261957713,25.16303021009909,97.99949393047022,1747.7415161172107,10,4,0.0,100
10,32.14035475004883,124.26077843221078,12.502365139814563,69.32188887559053,2196.54176756974,20,4,0.0,100
10,26.95146652093889,108.33436470200361,5.854637814557906,49.599828601201104,2285.041535210961,30,4,0.0,100
10,22.834771567113986,87.99921876309544,2.62113162607506,40.01355686739338,2373.6563721066736,40,4,0.0,100
10,20.56597271794066,84.2778530837627,2.5662503817422215,34.231993952041606,2565.2060471363175,50,4,0.0,100
10,32.53628300210723,136.72968434728315,30.491326742774657,95.74772356907049,1744.1913135773564,10,5,0.0,100
10,26.66908988959999,101.65882723985737,10.64133226237091,59.569110195123926,1955.3303719314001,20,5,0.0,100
10,21.76506671216673,85.55753566750934,3.95343184415663,45.02109296815082,2071.450589155655,30,5,0.0,100
10,19.413306085457457,80.5154696226115,3.8128492826656184,38.71834671765604,2363.445094740943,40,5,0.0,100
10,18.496108755603206,69.2569344578089,0.7916431255072298,32.52731461920343,2463.335709004921,50,5,0.0,100
10,25.150297046825536,115.29034298578499,32.40319580924217,82.87338067469167,1621.6699091491764,10,6,0.0,100
10,23.706101327704676,99.2827097174819,12.661197930197863,58.18141353797084,1967.8354324470952,20,6,0.0,100
10,21.951727674870412,86.95715283668304,6.687470027435539,45.143319453586166,2146.7366443615874,30,6,0.0,100
10,17.33108737972831,75.14156913027146,2.7405847717703145,35.318576545957946,2231.2570963661065,40,6,0.0,100
10,15.292264833812732,64.81465253754052,1.8122271163758104,31.377989251610074,2415.0454164125526,50,6,0.0,100
10,21.311912152196573,94.61165362045651,21.072180169734217,68.8148111742202,1424.3574144862062,10,7,0.0,100
10,17.948283945052424,79.43485861563435,13.738000951207582,53.484201608393526,1857.0129264096547,20,7,0.0,100
10,18.028328802063946,71.74191981171039,6.820265271940215,41.66300888721787,2031.7504429975174,30,7,0.0,100
9,16.625674804643037,65.73317342664494,1.5675155264869498,36.27150198491047,2234.55808417897,40,7,0.0,100
10,14.064865880436685,59.550802236773436,2.3606787542188394,29.209289256722037,2199.092977515421,50,7,0.0,100
10,20.80599381055755,98.3571664823684,25.9096742434931,69.05095403745713,1463.9060425536507,10,8,0.0,100
10,16.952031956620807,78.22188771056969,12.411558922050691,51.11150044279674,1841.70180197656,20,8,0.0,100
10,14.047444105790593,62.54546781146614,7.735582574803646,37.14966114894368,1856.0554317312788,30,8,0.0,100
10,14.59701625161506,57.6297260861258,2.94950567717394,30.089371354803433,1946.3962461183096,40,8,0.0,100
9,12.01576755615546,48.81594394484189,1.4061112607449155,27.383766810895125,2122.777986388042,50,8,0.0,100
10,16.79118391366651,73.12743405917311,19.77738154522553,52.04753373564721,1138.6168768227583,10,9,0.0,100
10,19.95927369362578,76.66460679455835,9.745551635882501,48.65235152612145,1851.0940086955525,20,9,0.0,100
10,17.658226442201578,69.28930995355655,4.52011657765525,39.690302502729025,2008.5325574177364,30,9,0.0,100
10,15.621285982730209,61.084544132108604,3.0876404142839835,33.041853117562674,2130.6410934683827,40,9,0.0,100
10,12.334618842368972,50.18212276200949,1.3073759888389955,27.38197622795402,2187.4374491288077,50,9,0.0,100
10,15.94135221795417,71.48260270781884,14.92923241647912,50.35655570782162,1177.1695742871009,10,10,0.0,100
10,14.752587352555526,63.18315437223405,7.157791835317923,43.09072445128902,1629.9708136976558,20,10,0.0,100
10,13.676945436697844,57.8041469894834,6.14507107216713,34.48787630517148,1798.7250407041495,30,10,0.0,100
10,13.013816870681651,48.701492205477216,1.9498245487582886,28.46190148903306,1876.0471449950678,40,10,0.0,100
10,11.334810518560433,47.15980375248431,2.7097038947507732,26.14462058834898,2080.0767337944285,50,10,0.0,100
10,15.416412405933247,72.73546057289819,17.105114617935364,54.12426274674782,1329.9552808504711,10,11,0.0,100
10,13.150411486810771,61.88518300623694,9.15669174073185,44.18815965778564,1705.6449897854668,20,11,0.0,100
10,10.450412158482909,48.84187237960293,4.986287583562753,33.662927531824366,1808.176328915631,30,11,0.0,100
10,11.84895328224519,49.0482480334569,3.192194997162681,28.765835155890613,1926.0511337463547,40,11,0.0,100
10,10.725102410975904,44.31752122454082,1.9113329171739895,25.33737553326967,2045.6038469450184,50,11,0.0,100
9,14.233235993417502,68.02056396116119,16.113827875546647,48.91957402796501,1259.2754668068287,10,12,0.0,100
10,14.68753511270165,63.29306048445072,9.977827238324938,43.20214737230645,1714.3083601762833,20,12,0.0,100
10,11.045573417205436,49.536392015781445,5.633661485831723,32.35161350012551,1715.1484806546136,30,12,0.0,100
10,12.040416563397889,50.33161989652114,4.658464337812797,29.38384356898711,1969.7837470561826,40,12,0.0,100
10,10.381201961825457,43.327607021203804,1.107345593531101,25.13153606177938,2056.6773757429264,50,12,0.0,100
10,9.81200984639955,54.771358358920644,16.59137868319766,38.13295112804472,987.1594404949176,10,13,0.0,100
10,13.362804942841871,59.12486716471871,7.434497668308834,39.446893594604354,1612.1727060908506,20,13,0.0,100
10,11.1249064331804,49.61547900905105,4.033451429827449,32.57733512875977,1776.2820636187448,30,13,0.0,100
9,10.11450147461798,42.32040739137838,3.246685667571436,27.5318139192646,1910.0735046196942,40,13,0.0,100
10,9.806251094790364,39.84631702000785,2.3313455478305123,23.71086821107476,2008.6745489954203,50,13,0.0,100
10,12.064629436762157,55.49418926983251,12.25278175268866,38.64405302090083,1066.9084898417948,10,14,0.0,100
10,11.62682403827259,51.35464062085545,7.2258541384680415,36.061950158654895,1522.8347251131615,20,14,0.0,100
10,10.431883199040909,47.04310910820601,5.072646921760669,30.290541897315876,1699.8662155913182,30,14,0.0,100
10,8.906685136405036,39.72352308472011,4.320419746659972,25.591504135497203,1811.7143096136715,40,14,0.0,100
9,9.184550688945967,37.92078794882403,2.5522171690186037,22.815785461699633,1898.6345655893633,50,14,0.0,100
10,10.857659733368557,54.11247291379976,13.845333289877336,38.90059126435047,1107.9097991379845,10,15,0.0,100
10,10.614222727159207,47.65034116942852,7.229181280166458,32.82794849259964,1405.6601837975809,20,15,0.0,100
10,10.102184845655966,43.520591880627464,5.087222812861009,28.997528131425042,1642.1843758234731,30,15,0.0,100
10,9.34993912821973,39.27346565434731,2.507083171167684,24.62029324475981,1779.6627768514143,40,15,0.0,100
9,8.526271316410206,36.16343002521788,2.0751079748810795,23.75093655607669,2022.5400235120562,50,15,0.0,100
10,9.418565000122902,47.30551128826963,13.278744051190008,35.220446000230716,1037.7149102153035,10,16,0.0,100
10,8.903133435152515,43.951940779803174,9.99131844188984,30.072602573741904,1313.1198348532316,20,16,0.0,100
19,9.080240449064618,40.60152870135257,4.8516528026972425,27.149888664395103,1755.23601638805,34,16,0.0,100
8,8.320003272734521,35.92146403469403,1.8499103661373284,21.82007849225041,1883.2463989784285,50,16,0.0,100
10,7.578750857448389,39.82167536453884,11.605858571646639,29.154313677076782,892.8544478918044,10,17,0.0,100
10,8.768098302277126,44.41232790212569,11.071634063137527,31.819347059856206,1416.0457235139752,20,17,0.0,100
10,8.760927212880642,38.8004667964004,4.781505069982478,25.638569829514672,1514.4048863466542,30,17,0.0,100
10,8.025453705680924,36.33089568700753,3.8778999316210454,23.798666444208713,1757.3835963798076,40,17,0.0,100
8,7.376461335168506,33.16480106807518,2.5040587331664605,20.351737656400754,1793.9012646828814,50,17,0.0,100
10,9.178070955094089,47.86421054975025,13.00858149321094,34.78784948729492,1093.4721596199972,10,18,0.0,100
10,9.01897861906222,42.230775191920635,7.388560709630809,29.788102945563104,1345.660790407529,20,18,0.0,100
9,8.890844270715585,40.137807012553225,5.8127687010832645,27.015874910478004,1613.0477086309074,30,18,0.0,100
9,7.918563976350274,34.39516326588829,2.669319363117433,22.067395672464166,1650.6161631303555,40,18,0.0,100
10,7.669542861645732,32.67544922385993,1.7577794693887139,19.876647885667374,1733.818701065717,50,18,0.0,100
10,7.448605441064973,38.312680334830375,11.515864727004796,27.813175281018538,913.606845245823,10,19,0.0,100
10,8.255875929364079,42.71268990217835,10.923254927907218,30.450991280457508,1413.4713844136618,20,19,0.0,100
10,7.848698740076648,36.877233728916565,6.336465998695283,25.189904505792292,1533.4618903420755,30,19,0.0,100
19,7.3084597330134695,31.64593536908714,2.219560227644966,20.630113650271895,1689.3951928406282,44,19,0.0,100
10,7.199371729369235,36.57704583628913,8.691104146034329,26.365335841534584,881.387219253886,10,20,0.0,100
9,7.133446170483285,34.1420815203746,7.77061949527988,24.70373486993806,1183.8107484156712,20,20,0.0,100
10,7.093572903643405,34.87695889678209,5.47789146269324,23.49780720788807,1443.335059032816,30,20,0.0,100
10,7.365502181993061,33.41830075146347,3.1578270605580747,21.839805952616917,1671.1777587797872,40,20,0.0,100
9,6.444201628156227,27.662195560738287,1.691962827493735,17.728609094225387,1620.728285862038,50,20,0.0,100
10,591.9431627675737,2060.0031381080157,337.57668742501556,1139.757236199547,16231.697836897065,10,1,0.0,200
10,398.04002939916046,1434.475181135978,61.71254111538185,594.0582127802597,17227.08349539262,20,1,0.0,200
10,273.4811447155397,1081.7882446258473,12.953619344879417,362.6502726931346,15603.378261659975,30,1,0.0,200
10,231.86531650183673,1062.897715066175,12.058000454531406,298.34772119035773,17000.761065916064,40,1,0.0,200
10,175.69921049800593,757.6138669725162,8.523866812613699,245.31420474421043,17149.919528359944,50,1,0.0,200
10,426.56700786525926,1531.1302568848848,221.34288405409856,923.447414492013,14275.962487626914,10,2,0.0,200
10,318.98384551414046,1202.4828837592488,78.4738388304021,509.33132945799423,15230.686793512525,20,2,0.0,200
10,182.15380890189743,718.421906448826,22.5787871887988,319.3802370525893,14206.616861761173,30,2,0.0,200
10,148.7722717121381,624.1832782549401,15.453867411898596,255.06871742894327,14839.64451509087,40,2,0.0,200
9,140.43576975356473,553.4803609404112,13.556238196279649,205.88945278908304,14731.972908204263,50,2,0.0,200
10,325.0422825288512,1205.0089549324598,199.2413937434912,754.992101458405,12612.892002200113,10,3,0.0,200
10,246.13119662950885,940.1511554343718,43.23371431024789,457.45477901450823,13914.800355677153,20,3,0.0,200
10,178.8697417061862,757.0519188663428,42.866161609310076,344.29234099263067,15278.249985832526,30,3,0.0,200
10,129.16925886180834,547.1720344072709,19.333784257549336,242.84869176618236,14434.143816002023,40,3,0.0,200
9,137.4684587099558,572.4508322273599,14.240341675840106,214.6746278347585,15304.367609524588,50,3,0.0,200
10,234.13152461172916,936.4833343321103,200.34786007494208,613.5929938284502,11001.698427726524,10,4,0.0,200
9,176.1668520566329,689.7595968325024,99.48222620109216,407.9111309891505,12821.048384002386,20,4,0.0,200
19,135.8038828562754,557.2147030510636,19.897794561552825,253.21436298745257,13083.11289019698,34,4,0.0,200
10,112.63203064425522,430.6329378494829,7.3196737626479065,193.10926803836205,14515.195996724655,50,4,0.0,200
10,216.63414373306506,866.7111239992686,178.58629798568154,574.8089530865143,10427.713643142313,10,5,0.0,200
10,162.42667669732796,627.8446653807708,88.20941215028526,378.42439198611737,12670.01663604076,20,5,0.0,200
10,134.96118123623626,548.3089092119151,35.42318539556892,286.41541234762417,13391.301855236608,30,5,0.0,200
10,122.28770953315966,496.09420293392816,14.931982862133513,227.04225944370586,13897.783052960547,40,5,0.0,200
9,101.86831019597876,415.31990677041557,4.430096961544447,186.25119644447577,13989.997522521307,50,5,0.0,200
10,161.8417498446696,697.0698765669952,169.87064732480835,498.3655553642731,10099.057966113522,10,6,0.0,200
10,127.13178002951386,557.2936904622514,90.41157326471655,374.9514873851841,12484.254611274018,20,6,0.0,200
9,121.45037810137809,471.3783637159547,33.35396787610336,275.9695374670009,13162.931361593233,30,6,0.0,200
10,109.49504835968011,425.2291522708583,11.78414725650089,214.5185722958285,13142.194451064142,40,6,0.0,200
10,86.38983141951088,346.75668065888635,10.3981555056877,174.6330067355795,13292.689530255262,50,6,0.0,200
10,156.0175676366061,682.4851527104122,153.8195152206091,472.21685767146965,9821.780551198823,10,7,0.0,200
10,127.67980311308936,512.6719468160691,75.20764509627072,318.09130824972766,11079.410425475158,20,7,0.0,200
10,108.4432912582781,431.02343570548356,23.947988180130316,243.18590718854279,11982.853337182289,30,7,0.0,200
9,88.08780574174848,356.4872738443562,30.188421473571395,194.20490911378107,12434.11123482852,40,7,0.0,200
10,84.90733211232266,323.23169607305306,7.872131553455722,167.36592956799024,12999.868241623652,50,7,0.0,200
10,101.50281238807649,486.105105751255,113.83714148181971,354.6743083440356,7703.938887488688,10,8,0.0,200
10,97.89211441932741,436.49147680832766,67.61277794098058,295.5998273641215,10420.36532481747,20,8,0.0,200
10,98.4059969887066,386.9847408599248,13.731306157686799,233.42491457515615,12094.191120752508,30,8,0.0,200
10,89.7810224816013,375.3966031190149,28.47614688350625,190.40127057893613,12183.702805990823,40,8,0.0,200
10,75.18752587643192,296.77359366824203,9.899701789418986,163.39088737924052,12615.511391674863,50,8,0.0,200
10,117.285434383905,526.8553323797462,122.13235797230436,374.446245727813,8480.583104821319,10,9,0.0,200
10,114.03207882943543,471.80673590163525,55.9154014407052,292.42134128669164,10434.745963430683,20,9,0.0,200
10,87.02603995883308,342.6423984040536,28.102500259792254,204.04707363005008,10397.301990670992,30,9,0.0,200
9,75.78491293835152,318.4826831516042,24.524180130739122,189.02385893186135,12384.011987355245,40,9,0.0,200
9,83.38692348756007,333.085191400788,4.052058273319599,164.2283843590879,12953.41350184025,50,9,0.0,200
9,100.45957398022267,454.3474588812023,129.1499981373924,330.660992634438,7821.341015780605,10,10,0.0,200
9,96.58969273832614,400.99150793649954,48.00084049408804,275.8413845931624,10267.439571020808,20,10,0.0,200
9,75.9854562404195,323.22311842141426,27.210298127739524,200.78883142802636,10607.94208035546,30,10,0.0,200
9,76.45878291655657,315.3722614183071,28.907154907748456,180.07254793008488,11821.195405660257,40,10,0.0,200
10,63.48811726322673,264.2030464475868,15.213121904005515,150.44428247556402,12072.15148604331,50,10,0.0,200
10,92.29579026875959,433.53107239264517,125.45977863366299,318.03559313925206,7783.450102014851,10,11,0.0,200
10,74.43744373163868,345.6367164595904,60.45444691259994,237.73335561030416,9179.632591817304,20,11,0.0,200
10,74.578570325762,316.60920851181953,16.66618584859473,203.4236475042165,11017.925095788934,30,11,0.0,200
9,70.8598598877486,290.3527349746216,29.486167781680592,174.58106878218612,11683.670182081467,40,11,0.0,200
10,63.0752418437764,263.87116253243096,9.411257745842653,151.79855756309115,12132.892813967836,50,11,0.0,200
10,75.6287259582345,363.9281606806,114.3433132712347,267.0056733466904,6844.585710549263,10,12,0.0,200
10,72.95809081790361,340.1884289414212,72.50068444806996,236.68705024704846,9585.791958125968,20,12,0.0,200
10,69.15148277891308,289.0634854337667,27.077440248991014,191.2883685690995,10362.558526545512,30,12,0.0,200
10,68.88774729550491,275.3724792895292,21.225402038445356,168.74231335110363,11342.570641614779,40,12,0.0,200
9,58.69979805885065,248.2292321238014,10.059233178330063,140.9926422210721,11738.561978102745,50,12,0.0,200
10,74.71967728252976,368.13292865175663,65.05720959876656,265.5002875820537,7214.791193518737,10,13,0.0,200
10,69.17027844496143,312.46754623118443,47.003401967161444,213.14849701948734,8616.231744721972,20,13,0.0,200
10,63.81200786745505,298.40647501275197,48.7226756611452,196.19574920791393,10723.156514244953,30,13,0.0,200
18,55.44810356136568,242.19228930861917,20.286244935862797,148.61926007499608,11038.146172758068,44,13,0.0,200
10,73.00072372839111,335.2019436727718,84.71823739026306,245.35122235296103,6634.294263834576,10,14,0.0,200
10,56.08524918517289,275.5239268006533,51.22832598870191,186.16422151884757,7862.098393543349,20,14,0.0,200
10,60.75562751589124,273.89278802498586,46.51750314273693,182.6161248315905,10091.862594261342,30,14,0.0,200
10,50.143533167261594,231.46431691829235,18.216096750148896,151.821590576558,10775.60566466157,40,14,0.0,200
10,53.90123358713047,234.0433927690871,12.398123733337574,133.1951536875718,11155.801507725177,50,14,0.0,200
10,52.462381300469914,278.29591106555074,70.7112208969323,214.3781569344415,6154.6789368548225,10,15,0.0,200
10,45.04835592635817,228.23931864450864,51.15439769658583,171.5565960782907,7413.907343687674,20,15,0.0,200
10,47.69859249991111,219.87289529660796,22.722737826833338,148.54641950413253,8486.927113627886,30,15,0.0,200
10,54.93549439137861,238.86158580612056,20.030547348068993,149.5090488305357,10587.334071544436,40,15,0.0,200
9,55.806257259372394,231.99208335792486,9.452338593114954,133.4047325643121,11290.345834409452,50,15,0.0,200
19,50.321965867937145,262.16906040083774,69.69406525577897,197.38533191175804,7190.1482087804025,14,16,0.0,200
10,50.680585365599136,233.5359350289079,31.531186222328518,162.0975814749231,9348.943705854565,30,16,0.0,200
10,52.15598283464565,219.43615554711937,20.088253092240194,145.24683906724846,10620.19138101132,40,16,0.0,200
9,51.27074159299295,210.7694656672498,8.94364646486955,126.98916500110221,10815.317222044425,50,16,0.0,200
9,47.83386550810574,257.056840440458,69.4814917450629,202.07898988433877,6265.61466292033,10,17,0.0,200
10,49.766484490065054,254.9311183349745,58.04556798957013,186.95712577491204,8441.665776864265,20,17,0.0,200
10,50.82714676811652,235.29142032440987,33.80704699952603,162.8563646938168,9579.505459005333,30,17,0.0,200
10,45.14942235885074,221.4342906978603,35.81983619835063,143.08260792609354,10114.57558382675,40,17,0.0,200
8,46.08070663880589,203.28300658384262,14.173111586467407,124.40889272623728,10708.22810561849,50,17,0.0,200
10,52.404145574286225,249.0926093265648,59.08877176039397,183.98223203732047,5821.0262475460595,10,18,0.0,200
10,42.612909587460265,226.24485305672437,48.04592327096605,169.76211402131509,7831.452832985499,20,18,0.0,200
10,47.23853982117873,226.4523130210654,43.50018427266857,156.9888382134234,9271.140026827072,30,18,0.0,200
10,46.67767165255728,203.33094942805377,18.710926933402796,132.16430612293243,9814.97956759942,40,18,0.0,200
10,41.886607210669304,182.15581093757737,8.45399521345221,115.5502756360869,10288.679479389002,50,18,0.0,200
10,34.75336225541541,199.73373483666438,62.04853141073674,148.69231249952435,4890.262521371477,10,19,0.0,200
10,42.23290256712955,213.02887956246514,44.367285847262295,154.19199360070252,7248.228229650008,20,19,0.0,200
9,47.97192089045225,223.9275795358625,37.43695504555044,150.5150248814247,9016.271093153153,30,19,0.0,200
10,43.19060114364533,195.037905226029,16.720391761720037,126.12536427292552,9460.734170455898,40,19,0.0,200
10,41.850775835384106,186.09430596054682,7.7512061664472665,113.22428265249513,10046.899011599899,50,19,0.0,200
9,31.548330918785318,178.67435258958878,52.07387788939354,135.5322340998628,4545.468102319605,10,20,0.0,200
10,40.0900777589004,201.1129488484941,34.42477277629032,147.1944743261888,7124.093629482425,20,20,0.0,200
9,46.329009016551566,208.32541369805506,27.63397823411555,142.68304949818045,8856.842611733771,30,20,0.0,200
9,35.998269013257946,174.00104961073905,24.244116152328406,121.32519161672346,9373.107452525332,40,20,0.0,200
10,41.78964618374057,177.04348399567698,13.176606827973682,111.35860978564719,10014.952966498447,50,20,0.0,200
10,1114.4786396580787,3832.713665941512,519.8655107527069,2329.964241645725,33647.460451552855,10,1,0.0,300
10,943.7565431016468,3357.97901893992,106.09217224318999,1459.2319329097277,42160.80166052819,20,1,0.0,300
10,708.7061843547667,3081.5620824211483,56.18118511451237,919.6450950631042,39321.3520539083,30,1,0.0,300
10,478.547521462974,1991.9277297520002,27.43943310013396,685.7165622342499,39395.47494252942,40,1,0.0,300
10,409.36690920761765,1681.9699005054947,17.904974437890033,538.1257123691361,38859.55337665732,50,1,0.0,300
10,1058.0148048629862,4024.9383008411874,887.4731513294028,2585.885188498095,39414.344347417515,10,2,0.0,300
10,823.6655711146544,3124.1458333763376,138.52813784272084,1426.6172864427049,41766.17803563374,20,2,0.0,300
10,522.2371805710383,1990.1832781928254,89.85880779972511,867.0697940040321,38566.70186169738,30,2,0.0,300
19,410.3284271964055,1678.231091244722,38.14329445440543,616.6149810260488,38394.11693950586,44,2,0.0,300
10,784.578198050516,3019.653179605209,516.4873182336107,1909.4731463803935,31381.01446504378,10,3,0.0,300
10,532.4776110286297,1984.4622825166866,283.37189081494137,1091.3646995413003,34169.2403655325,20,3,0.0,300
10,466.4795144128369,1881.598388310754,47.548886689131436,784.1412938865178,35560.20891620014,30,3,0.0,300
10,439.5235836978992,1731.7412027599378,47.248530616187665,694.2041110157512,40620.546609809906,40,3,0.0,300
10,329.12765688463776,1352.8873581813648,33.38050971746011,517.5681198467664,37589.06509757777,50,3,0.0,300
10,812.1264171162871,2791.4968735762186,366.4232061050972,1782.7170287655347,31278.133998920996,10,4,0.0,300
10,406.45578138739353,1599.9208510129115,140.6691689513585,945.6471841273776,30185.294533357268,20,4,0.0,300
9,355.09263794268685,1385.4090692204786,94.93761465910045,706.6462646074356,32381.510868567184,30,4,0.0,300
10,350.2608897986448,1385.389863739642,44.007052009218754,620.4937987747261,37024.97260496071,40,4,0.0,300
10,296.21254224791124,1221.4369503893265,24.26293153390111,492.06396488290227,36232.77736558133,50,4,0.0,300
10,525.3000804480902,2149.8718648811655,477.4369003259253,1454.4537959410923,27419.06170129318,10,5,0.0,300
10,380.5418449459404,1559.944350312488,219.11028495701453,892.2412213493155,29077.47937326862,20,5,0.0,300
10,337.98438538307647,1356.02983331202,82.04017277763161,707.5645484926579,32525.097172726957,30,5,0.0,300
10,301.9099959564417,1194.4004480967876,37.19181876094129,558.3673315971585,33918.437501216176,40,5,0.0,300
10,233.6603233236545,934.8520753830011,19.187378013366896,445.93491450761974,33785.2849496061,50,5,0.0,300
10,456.1255544347008,1814.7535843219277,432.2277620289059,1249.3793189713397,24747.994268579983,10,6,0.0,300
10,313.9983321523662,1333.3464875172028,213.7232821360828,848.7818436120575,28441.932293387537,20,6,0.0,300
10,278.44452425542113,1183.581173330258,99.65488901954407,694.9953810066886,33225.83812013631,30,6,0.0,300
10,264.18960445653823,1003.9106190865093,46.39030529991578,534.5933006308258,32771.11843534085,40,6,0.0,300
10,243.521339471762,971.9845085112829,38.946259866498586,482.31570846204767,36595.33544848472,50,6,0.0,300
10,393.6133854040993,1599.1300375787257,357.67531055165034,1102.2365529345666,22772.620994649733,10,7,0.0,300
10,313.6711549303552,1307.377311904728,175.68304356070868,828.8836799044693,28672.688721958206,20,7,0.0,300
9,246.58911561915434,1021.2897380548861,46.73544678318326,583.5403683482448,28535.745625781557,30,7,0.0,300
10,243.83160722156617,993.6203952352464,60.99716930508598,528.2484045926178,33165.20612090911,40,7,0.0,300
9,218.29903949788036,877.7240773408407,23.03852778599422,424.51272088382683,32655.592740336797,50,7,0.0,300
10,301.19778980076205,1322.9672090960146,384.81365515144296,977.6481941541549,21399.36542622715,10,8,0.0,300
10,280.02694624044614,1198.1578210276948,157.6600252364587,784.6428788282234,27966.167878841843,20,8,0.0,300
10,236.30784894742823,967.3134552135883,68.59652885978929,590.466769195135,29583.33989328852,30,8,0.0,300
10,229.5623767717478,930.1257821557869,52.5994452997496,523.575824368873,32624.73917743325,40,8,0.0,300
9,192.08919280674223,741.8272967298647,24.54611451495692,402.52330437199396,31510.479583913435,50,8,0.0,300
10,288.1706683090557,1293.8625128677595,360.9511641752449,941.3897047684884,21636.518002335095,10,9,0.0,300
10,267.40896760960607,1061.3997596394963,116.92507986632677,738.6042511410026,27105.691984657846,20,9,0.0,300
10,199.9121538140738,850.0494390992895,90.02260302946291,545.5591401875614,27996.20302547784,30,9,0.0,300
10,186.05594477899479,765.3275000352568,52.49651093656386,445.73325643239593,28714.883584480365,40,9,0.0,300
10,189.47702361499802,762.224720410057,20.49163353176639,383.5157973634246,30186.888548106443,50,9,0.0,300
10,228.00686282029065,1080.107978749656,300.0457901871497,829.0978101961357,19478.90980886101,10,10,0.0,300
10,265.600176016003,1044.6831747635392,121.73477870202453,670.0660288425959,25426.801691379827,20,10,0.0,300
10,187.30248329177752,793.3211304920117,79.83711118651885,501.7508980353117,26171.945868052982,30,10,0.0,300
8,183.45622417096058,740.3937493065567,59.86569219018029,435.98521593515983,29200.51263114254,40,10,0.0,300
10,162.98896213539325,704.8416688161005,44.56079994442467,378.04926719865534,30240.470377062116,50,10,0.0,300
10,219.84315822927374,1052.6424724855947,252.51511072553154,773.0778285259411,18997.819609992246,10,11,0.0,300
10,214.77821280885217,942.1017828753498,173.93753934416233,620.5382706723547,24090.185787802748,20,11,0.0,300
10,188.89806595679346,806.3003482609905,77.88484972444526,490.29018427896045,26008.17855940936,30,11,0.0,300
8,170.28820882067154,715.8600778807446,48.212937036415624,423.87879232278704,29227.65210590834,40,11,0.0,300
8,167.52179460232009,706.9873972650306,38.18489933788499,401.2425661155937,32387.26305597312,50,11,0.0,300
10,205.56506465903894,948.274403932812,213.23571090687528,707.2912311756403,18554.449274082155,10,12,0.0,300
10,217.64132733324496,976.3898805213482,159.36153722228715,669.604779214294,26514.12061373783,20,12,0.0,300
9,181.653296490132,756.2476208121673,44.43667388677999,494.0260501107353,27278.199783334156,30,12,0.0,300
10,162.94443327273655,696.0816587229281,44.615281804209296,416.03905205462604,27976.80341980746,40,12,0.0,300
10,142.74617808487687,582.9947723380354,21.729601359815007,343.8047033034501,28264.242236502654,50,12,0.0,300
10,188.98707868141588,914.7197720445071,240.5156891643588,664.6818998981461,18051.042593327114,10,13,0.0,300
10,183.5449446754438,842.9680117330112,199.3365658403787,591.0376939105979,23929.08473945125,20,13,0.0,300
10,150.43673163220927,654.2065744592252,65.40672999029104,437.6856728552874,24174.235618038994,30,13,0.0,300
10,158.5198042922168,661.3158361468143,28.638311726832193,405.124331969823,27857.99074228201,40,13,0.0,300
9,129.03114696689977,548.7984926201509,36.39523994093023,323.49371621994067,27055.640198865687,50,13,0.0,300
10,145.49978519409984,755.6614668252686,230.07880446959797,573.9491200741138,15857.64970878764,10,14,0.0,300
10,173.88493081279992,846.7179473580652,161.45314533353215,582.2492304517993,24646.423916077973,20,14,0.0,300
10,164.7203583838275,701.9570586890666,77.71415145698538,474.8652695416592,26279.182448805317,30,14,0.0,300
9,131.50194185489232,606.7969555769837,70.53854445109754,381.252908363732,26831.59481800968,40,14,0.0,300
7,132.52006315705256,563.8705185253185,8.440879265884531,326.9052688030615,27886.811021252946,50,14,0.0,300
10,160.14758724736566,816.2315618013715,234.9505467909874,623.8618733959178,17912.467331632444,10,15,0.0,300
10,149.0375121156008,720.7086840649182,151.26553243378697,513.6820012231985,21627.927664774517,20,15,0.0,300
10,156.73055306163016,678.9167394630516,105.36522217881566,453.1741502968027,25935.947821433307,30,15,0.0,300
10,134.37988589978022,601.6594038648341,37.021366553171774,379.5392542914684,26687.922857517384,40,15,0.0,300
9,127.57721836053507,547.454547823421,14.134204723511383,325.9188933233456,27606.545367434595,50,15,0.0,300
10,121.58065806938473,590.5288615838799,165.99846162658991,453.78407681422385,13631.327146203024,10,16,0.0,300
10,139.17250789115826,680.1946914079941,125.63233314077544,492.02123878238365,21383.624577087838,20,16,0.0,300
10,134.2381694976251,607.1326609751029,81.84763375035672,415.0758950709484,23727.02362500467,30,16,0.0,300
10,120.04641870435447,547.0636675734307,37.108117678126554,344.0752778339794,24960.264476482997,40,16,0.0,300
10,116.98118796346223,506.84316465874934,40.91291319625581,316.65338223322817,27381.565578243673,50,16,0.0,300
10,112.20658300929915,610.9264010139588,185.99956450439453,469.8172853270433,14168.27516793233,10,17,0.0,300
9,139.86379499181487,632.5592179546626,96.83308405726228,448.98250519161894,19969.756081924756,20,17,0.0,300
10,121.49394340323026,563.2089260512945,98.8741852395742,389.79395616668546,22948.65013846824,30,17,0.0,300
10,123.3815822421188,546.9831080842358,58.21530949766691,360.0252573682847,26080.712707595096,40,17,0.0,300
10,121.18346053460773,502.24235516623065,31.850381948379738,303.6708887019321,26250.307263618342,50,17,0.0,300
10,120.13048841385489,620.1108455463701,164.47270109039857,471.63254484811887,14813.684307455827,10,18,0.0,300
10,121.94908702579082,585.0762743674593,84.79999429505008,432.10160909456283,19832.560614594815,20,18,0.0,300
10,130.18968866050838,586.9657876492142,65.0505129266037,403.1488602662412,24172.517823151204,30,18,0.0,300
9,117.28568806855145,519.8491790388434,65.48283648602485,348.2809756954854,24827.95876570543,40,18,0.0,300
10,102.2135463276866,456.58976870136166,25.248493084120344,289.43457672285274,25364.78208348441,50,18,0.0,300
10,124.90457717812248,606.1278362032529,163.13370627503187,473.240143809899,15681.797688360855,10,19,0.0,300
10,98.9296598885223,524.0047220747977,98.98016462609641,399.2016771771853,18934.548435853474,20,19,0.0,300
10,113.15944649988239,539.4981600496578,80.81242860646252,382.82507952058734,23202.435813221586,30,19,0.0,300
10,104.18180521659687,461.5657671653213,29.624601286817004,310.73997339269977,23539.56531467074,40,19,0.0,300
10,110.20208964959014,470.72094569638637,25.77216536945029,303.57908351981973,26815.450936085555,50,19,0.0,300
9,91.64926986285494,510.8764530278717,154.69303472185342,387.1834018797911,12983.53230271908,10,20,0.0,300
10,112.20296106285646,514.2290138919082,57.89764689548309,375.92239134728254,17985.34687496046,20,20,0.0,300
10,102.69288601920577,488.6269498683437,50.75802760220182,343.3378002301373,21501.752792444404,30,20,0.0,300
9,105.1674131015206,475.97959743408944,45.225457430072595,305.2834567851278,23522.309141050857,40,20,0.0,300
9,98.00293908304528,446.6886062827623,51.21344741046199,292.59877149765134,26315.57353615708,50,20,0.0,300
10,2453.2896375180053,8379.409796849619,1215.1361803432774,4809.900747611529,68485.284641984,10,1,0.0,400
10,1518.0661227477192,5319.974088121638,277.5033006656537,2502.9197211717915,71511.35251377604,20,1,0.0,400
10,1638.6622000543698,6721.389159138923,132.04960665249047,2022.193148749803,84129.7068463516,30,1,0.0,400
9,997.8600451472739,4821.724051611769,89.22645807815714,1308.4364379081846,73304.39576309122,40,1,0.0,400
10,935.4666338120982,3979.9026287771835,24.643594112225163,1203.8433425251037,85315.02935717985,50,1,0.0,400
10,1897.1240541349252,7135.911216223173,1473.1326970505595,4502.312040528914,70585.52397562313,10,2,0.0,400
10,1393.0588369209868,5147.496643554199,462.6132117041822,2420.0482841203075,71504.78337983142,20,2,0.0,400
10,1032.9203951821173,3988.4092657917186,232.70729454060194,1653.0355691072405,71527.38024406412,30,2,0.0,400
10,727.6874108292966,3187.293327728184,93.20591046199951,1228.832178727886,72644.81141240474,40,2,0.0,400
9,695.8599676019885,3127.8721025638215,71.14530030929183,1022.0093468753574,73561.85714493127,50,2,0.0,400
10,1292.1026850673184,5157.409998812441,1121.1787341665395,2958.8897655324427,49521.77362628065,10,3,0.0,400
10,1117.0448626682796,4352.459603331916,392.3374632223155,2197.2154930448933,67596.2564935214,20,3,0.0,400
9,847.6328170093469,3058.69937846982,101.45197392173512,1455.9721851155782,65640.7523588668,30,3,0.0,400
10,606.25802140423,2481.4923507235617,84.55981801339578,1087.8410504222393,65677.38139297052,40,3,0.0,400
10,593.9799492302745,2486.8600664258583,34.24596437264638,965.0585657210717,70625.6726121234,50,3,0.0,400
10,966.711257616866,4181.813870628542,1124.6837291092147,2997.5803148647,53908.84594531448,10,4,0.0,400
10,938.1988131422493,3368.7824301342016,341.82515100412445,1774.911889048292,56882.2221375791,20,4,0.0,400
10,760.0186286646798,2923.6095926101143,141.18105215102202,1415.446741639437,64137.15676884536,30,4,0.0,400
10,556.9412414528058,2358.525608941488,161.85093904949053,1072.5937977256106,63311.26359736825,40,4,0.0,400
10,553.3652947156053,2353.3980456437316,84.4070978097337,959.1501031842715,70556.7845268492,50,4,0.0,400
10,1010.4909556970631,4091.756280635121,816.304587741943,2683.925424217387,50425.98267080211,10,5,0.0,400
10,633.7644098860364,2724.326595439891,372.4723636542122,1618.668118619491,53242.548473425115,20,5,0.0,400
9,744.1648601567048,2754.2366146920967,108.045123623846,1390.218760006228,64682.9114746422,30,5,0.0,400
10,578.5977784271969,2434.031322695345,83.73386170611397,1091.6010279974012,66693.91946734925,40,5,0.0,400
10,494.9210848032345,1919.273654679612,37.644648118103525,886.0620187777162,66873.65527640971,50,5,0.0,400
10,821.753511772274,3542.1380909308455,765.9292462806974,2268.669647734015,44831.476495912546,10,6,0.0,400
10,569.0694637376876,2332.531904354754,235.440132905192,1542.9148941685514,52530.514839567346,20,6,0.0,400
9,521.6467989285394,2076.050955816298,170.90497452318263,1232.8921749544065,60025.56620770638,30,6,0.0,400
10,463.0004406419327,1906.5706312262632,124.4369209177318,1022.7455737058232,63977.756725800085,40,6,0.0,400
10,426.9949071359086,1794.3485597039266,71.04281029202716,829.8873211921591,63804.52217191318,50,6,0.0,400
10,642.1374496453549,2466.629327311879,532.9238989842094,1733.1900013456639,35288.500226478725,10,7,0.0,400
10,509.01284627486905,2192.204001450864,330.4743785957624,1384.922787974306,48779.85706478845,20,7,0.0,400
10,464.077958238654,1866.0451510105347,263.7427839562157,1130.0770861998603,55186.18477559429,30,7,0.0,400
10,409.72904529662753,1751.9489821854327,137.9765185437535,942.4753583733989,60745.06181628114,40,7,0.0,400
10,378.24588318784606,1550.4137640246124,52.504646945809455,820.5847499670487,63288.63913694763,50,7,0.0,400
10,560.5646724171131,2579.37543578456,563.8775500506748,1764.649010304976,38744.757927617065,10,8,0.0,400
9,515.2963070945934,2219.500954604873,311.6103115715937,1451.4326469122598,52123.50315598736,20,8,0.0,400
10,454.35442640001213,1786.0030126653085,135.73025567474366,1136.1289033862959,57352.48470405786,30,8,0.0,400
9,427.6087725743959,1688.007888400754,69.11810722119561,927.5226514371602,59508.713861491764,40,8,0.0,400
10,389.2921348712274,1563.2705648951435,74.61978810518994,780.4259155888756,61092.944254764276,50,8,0.0,400
10,579.1747102088424,2438.8945391123393,544.434829132026,1702.714954790079,38666.19157412009,10,9,0.0,400
9,427.443987917035,1829.7778462648894,244.86412933380427,1272.8246575968894,47436.130706944205,20,9,0.0,400
9,381.3985404941945,1654.6014214738252,154.47055531238527,1021.465048360485,52881.85617945798,30,9,0.0,400
10,405.7964942213722,1660.8321775922134,140.65892178804754,934.6399711553813,60562.75380681418,40,9,0.0,400
9,370.84782750473977,1449.1163779176638,31.49100467126648,734.373995771891,58743.46817910802,50,9,0.0,400
10,439.67720709276034,2154.775965968619,561.902258412881,1587.3533383583338,37633.08707364009,10,10,0.0,400
10,447.29624946622164,1960.8435011606184,192.52070418368723,1294.6783404098787,49148.05910584632,20,10,0.0,400
10,NaN,Infinity,Infinity,Infinity,Infinity,30,10,0.0,400
10,365.3794479093572,1471.6475667124507,60.751919381254616,875.5719427780839,58304.13067606392,40,10,0.0,400
10,322.51136323531637,1285.0139923836703,42.37959948166381,718.8644020377982,58342.00382420304,50,10,0.0,400
10,442.68320604072585,1999.5470232760526,439.1234028499663,1484.639637365376,36173.93050987215,10,11,0.0,400
19,369.9365607005558,1581.9741559598583,184.9366530919319,1092.6014261186874,49535.25347871929,24,11,0.0,400
9,350.3010703969614,1433.7228254904237,107.62516100388618,866.3355625484868,58103.880402099574,40,11,0.0,400
10,292.9374556056464,1179.1926792998431,36.11199719779445,685.6732211512863,55896.821937083805,50,11,0.0,400
10,381.25709013187225,1751.0023601622997,431.748576980694,1268.928570380603,32394.920521183034,10,12,0.0,400
10,366.48095246403824,1585.1598116411403,225.70370951993965,1094.054045174747,44131.20059365459,20,12,0.0,400
10,347.90850046901903,1486.3120197260666,192.70333242579335,960.5153384678312,52338.288708988795,30,12,0.0,400
9,313.0167470865526,1287.9676008738445,80.0347995195281,764.6372178130068,52380.46169146817,40,12,0.0,400
9,290.31008946459923,1167.571008381099,31.328527031443645,684.0476256401197,56223.345214905115,50,12,0.0,400
10,405.25214444768744,1975.350501854625,412.9118025700115,1490.345748217223,39318.408913644394,10,13,0.0,400
10,274.63017359735477,1398.0811837897802,356.8892799640598,995.4609736041917,39924.15896836949,20,13,0.0,400
10,297.79648945213074,1327.2980630032184,196.33212000856162,859.598834282704,47150.5644719586,30,13,0.0,400
9,291.79046792334003,1204.4328758043912,71.63661945614925,734.0523689229769,50544.10826253524,40,13,0.0,400
9,286.0288808863963,1153.4481931874766,58.73992251041658,661.7961882907749,55066.90708275524,50,13,0.0,400
10,333.3085515264893,1564.5536157022236,316.6733633351567,1095.6062431141777,30101.763118977193,10,14,0.0,400
10,296.97397165811697,1377.8345252076654,271.7087846252566,999.4754362175815,42314.174313544245,20,14,0.0,400
10,267.774628704303,1240.4812717222117,171.30438844331533,816.2032651100105,44714.02489724185,30,14,0.0,400
10,284.56205437991247,1192.329156188443,96.20670980000952,750.6438731582729,52073.34213820732,40,14,0.0,400
10,254.9093803432464,1063.7495206323233,47.49029537221834,646.090924477374,54014.480009269304,50,14,0.0,400
10,274.66481916900744,1339.3370599726002,342.664584263543,1001.6043263510388,28779.98794907548,10,15,0.0,400
10,292.78037186489695,1390.1548731416,217.40770725758753,1002.5756718195398,41614.170180210036,20,15,0.0,400
10,253.70621666061498,1174.5709730138594,138.7825804773339,806.4804577924976,45814.30362004756,30,15,0.0,400
9,251.5182814555262,1134.0369015652655,108.45041107594949,716.8041703550555,51438.34870006187,40,15,0.0,400
9,247.03043741760433,986.5683677116872,41.399471815896824,601.0812338932615,51427.71856119516,50,15,0.0,400
10,240.72489714867447,1197.581898445973,324.4130981384376,876.3171025124639,25546.104991163273,10,16,0.0,400
10,272.4699169802301,1270.3255584477513,190.8426778832568,912.8782274662066,39977.73969590927,20,16,0.0,400
10,241.98802461227206,1092.4582192942166,116.0175871969806,755.6148621853638,43638.42981166265,30,16,0.0,400
10,237.77336665143193,1023.4405548944109,58.337131075013815,668.9132606979357,48722.575487145004,40,16,0.0,400
10,234.46936213482394,1016.9913464674785,58.276786714483606,622.4978670614709,53866.28018128573,50,16,0.0,400
10,209.10485455279937,1197.1109483346993,347.6780739613967,904.2446115602916,27197.416953516127,10,17,0.0,400
10,260.38682553566406,1233.3537256121622,185.422426535985,888.3896562320042,39950.447192095206,20,17,0.0,400
10,226.10567947640615,1044.1586858457706,98.85399506724968,727.0646919804016,43612.42018327913,30,17,0.0,400
10,226.5768126587061,960.0121052533987,75.16958921406913,621.8869594574568,45583.2950402264,40,17,0.0,400
9,201.29173052250948,879.3396229147006,40.83293827049206,569.9481597250873,50212.52346386737,50,17,0.0,400
10,194.8987010096063,967.5610247485383,262.90435249307785,747.6407079070765,23699.417988745416,10,18,0.0,400
10,222.42374108424232,1088.5832227550518,204.23365766229466,796.9907975444064,36633.29971715297,20,18,0.0,400
10,209.115996129542,1026.5846113486273,158.22819809034462,726.9697983673485,43425.1336744969,30,18,0.0,400
9,226.98146516379677,983.5591874947578,81.121580244612,639.4583372799652,46717.523450126224,40,18,0.0,400
7,209.7432914569149,897.1487519630871,91.25726540344793,572.3898744673053,50544.35572820995,50,18,0.0,400
19,214.80202315573564,1109.215110781799,236.0456532647269,832.7331001110254,32919.98469785067,14,19,0.0,400
10,212.20172042794184,975.4931110076071,146.3384267633703,669.2004614237333,40859.89737060648,30,19,0.0,400
9,198.80953908232982,851.8179459213426,64.93904841554036,592.9219159715389,44591.984623809265,40,19,0.0,400
9,198.2125053343743,870.0959526869393,79.53310071043573,562.7086203862766,49892.30636908031,50,19,0.0,400
10,180.22312064249087,912.2623436926773,206.47559944721434,695.285596596748,24071.352777050386,10,20,0.0,400
10,206.29506921569708,1030.3524807580206,218.74676995662958,762.6289488299237,35765.15705799119,20,20,0.0,400
10,207.40149991716535,984.7542977584395,169.4687789143398,714.2618185072841,44376.787264896426,30,20,0.0,400
10,205.62193623590093,932.4560764373157,86.60765747679342,597.7417729123689,45586.09033040171,40,20,0.0,400
7,189.38469137217348,841.9262147716862,38.30213888702688,534.3413544728386,48195.69815362068,50,20,0.0,400
10,4506.695972614033,16303.573663468589,2225.2025628252172,8831.273062878861,126147.3200035124,10,1,0.0,500
10,2031.6857961896494,7948.036814857724,688.1631563146244,3788.6800836777197,108039.83026368807,20,1,0.0,500
10,1960.8677552235822,7564.88214363391,118.88222284610069,3083.42444079995,130513.24059357848,30,1,0.0,500
10,1901.6340453797152,7875.933574021542,165.98321003343352,2351.1831441790378,131590.87502477254,40,1,0.0,500
10,1555.9245255012324,7045.823326409329,90.54354281484997,1869.0191612741812,131338.9538777628,50,1,0.0,500
10,3179.2295119390437,10770.793756474579,2057.8828377838645,6781.805447510432,105947.37060865192,10,2,0.0,500
10,2023.229149269464,7468.733278915481,507.4185741475787,3640.2668733706405,106978.33487935763,20,2,0.0,500
10,1749.5771657447742,6835.661955844174,164.73381878255117,2687.3167054570886,117477.02451709271,30,2,0.0,500
10,NaN,Infinity,Infinity,Infinity,Infinity,40,2,0.0,500
10,1085.6705135503366,4774.082277226435,116.21526801420028,1653.707698832803,118916.60157863477,50,2,0.0,500
10,2441.343286575427,9174.440137689347,2048.3300650751517,5579.959229672996,93486.65653962913,10,3,0.0,500
10,1726.6113289529312,6736.686093924803,640.5984749163829,3384.9780307230285,101137.66769723206,20,3,0.0,500
10,1410.6944017268038,5556.9199707626485,134.9165647967211,2324.7373892887235,104646.8721527369,30,3,0.0,500
10,979.9757268662061,4144.296629648288,63.341384088467315,1762.3482544213941,106465.52038600545,40,3,0.0,500
10,980.2760628963422,3754.3818408603192,113.85703692211867,1605.550349558312,117033.038466352,50,3,0.0,500
10,1528.9015086272475,6792.371643875452,1860.3730875521383,4729.813713998175,85854.46468366982,10,4,0.0,500
10,1719.270253044337,5836.113663511349,372.31562886523506,3251.69642150048,103904.34929222162,20,4,0.0,500
10,1153.839065395196,4580.819528183056,254.91511291320074,2355.811482653037,105908.19947671006,30,4,0.0,500
10,973.2193456108749,3781.0055873292054,115.43955931579242,1702.5536787265937,102581.71271050899,40,4,0.0,500
10,802.6114760508843,3198.1782328710583,137.23734542781958,1468.5721122235295,109704.96464702612,50,4,0.0,500
10,1364.1659025778645,5923.779804387328,1449.8466563033867,3782.1547519702276,71320.68643543587,10,5,0.0,500
10,1306.7684905957208,5002.422435564049,403.03010891913107,2949.1603005137417,96924.03038283807,20,5,0.0,500
10,992.5263867250214,4089.7065228740016,412.64042519490766,2118.587881732505,98142.10984214088,30,5,0.0,500
10,989.3023037258841,3877.6553392918227,233.77710135927356,1796.4005536760014,106217.71963569449,40,5,0.0,500
10,784.9893365595601,3138.8086563465226,88.35228163161636,1395.6712017656873,105389.76131974356,50,5,0.0,500
10,1258.7420450757918,5410.944702510063,1366.2517411482595,3923.4290660428574,74807.90821235316,10,6,0.0,500
10,1048.711577884846,4289.820764546684,684.5436102425033,2594.253203250787,87095.73066178427,20,6,0.0,500
10,982.9713384610648,3926.732568152336,225.5935865148987,2048.3754211408323,99141.21605728328,30,6,0.0,500
10,789.8318712894368,3037.257159189969,164.590156917643,1557.6025356740497,96445.12931521577,40,6,0.0,500
9,NaN,Infinity,Infinity,Infinity,Infinity,50,6,0.0,500
9,891.171612293963,4073.838984391723,1249.7436881519825,2909.2899668829,60830.4855495849,10,7,0.0,500
10,821.5932832079549,3571.3129912718664,711.1104440870843,2411.0946854624426,84881.92020890905,20,7,0.0,500
10,818.8223524027557,3378.0222533834362,179.8373842496129,1946.0692584676483,95691.9738213979,30,7,0.0,500
10,789.1118879021546,2976.205050747568,103.33783169511052,1571.2761968261793,99360.56538627345,40,7,0.0,500
9,623.4712347314294,2488.454065561086,133.2586845835373,1250.1246986176677,96217.43458373235,50,7,0.0,500
19,807.7965630696585,3756.1485105018746,912.7640378653952,2666.73850353006,71558.8463587828,14,8,0.0,500
10,685.5759852740694,3160.9385067885373,367.14390314251966,1803.0574175417842,91340.55938582141,30,8,0.0,500
17,622.7810127369207,2470.6373789522695,139.75686657909904,1342.692478339025,93994.19228102197,44,8,0.0,500
9,747.8434655182132,3481.535111593316,830.8855302514517,2579.4121399841924,59128.05214821294,10,9,0.0,500
9,787.3337159019018,3354.4631891976114,567.4022458155491,2230.649476266011,81391.70765529903,20,9,0.0,500
10,634.7557347253744,2663.297521310713,255.2057226775611,1651.1102409125924,83280.28930010778,30,9,0.0,500
10,605.3691839082,2437.0414108414725,102.07648521011807,1380.1679694777574,91330.82512636196,40,9,0.0,500
9,590.676152013339,2388.2848948830533,43.13149356089794,1263.3826011249744,99688.48819394544,50,9,0.0,500
10,693.3911860381875,3245.9117298130705,910.9961243724965,2330.8459425272163,53901.77833254014,10,10,0.0,500
10,785.6098801557924,3236.831529346678,409.2249209184729,2171.720303974146,81576.803472281,20,10,0.0,500
18,517.6975953031182,2252.584868976337,236.60199082003413,1416.2232814927033,81738.26127925812,34,10,0.0,500
9,494.5327689023843,2018.9253586025563,66.20176045657068,1160.939466061396,92533.30413095043,50,10,0.0,500
10,662.137487766793,3230.998007089462,896.3511558320386,2377.415128345155,57973.994246679045,10,11,0.0,500
18,696.3898641036085,2874.7341577900265,368.0873121388218,1852.3811321770975,83203.16215123961,25,11,0.0,500
9,439.74767613641086,1926.9526161262095,148.96156574620127,1177.674449406797,80287.1266737089,40,11,0.0,500
10,511.67488986881654,2060.4485863361792,76.2869633477297,1147.4126342672503,93875.08282517348,50,11,0.0,500
10,602.6546029480216,2890.789288266408,762.7150984993459,2220.3258556074297,57443.78752811729,10,12,0.0,500
10,568.3582014671542,2625.8404189295434,382.8486801381228,1811.713909982945,71720.47156223888,20,12,0.0,500
10,497.91512339633266,2187.616171791843,346.2601225627633,1504.9844710253597,80452.57487948213,30,12,0.0,500
10,470.16451205726025,2049.0481770544825,146.57955684171827,1248.9615521236292,84860.3438851379,40,12,0.0,500
10,428.0868721680199,1840.9657093734681,103.50194375083262,1105.0001947126948,91471.20887770435,50,12,0.0,500
9,446.2423887327592,1983.873500045419,460.9496388457014,1522.4664153751733,41266.17561583631,10,13,0.0,500
10,492.01147189779533,2453.6240417692534,661.9721875283273,1839.3071347566286,73401.29022246557,20,13,0.0,500
10,478.89255328314147,2047.7955203131273,174.11979039055387,1295.7294904699856,70919.12920215118,30,13,0.0,500
10,512.2469760908544,2056.861076503113,148.97338447471674,1297.814199058021,88466.46759321651,40,13,0.0,500
9,461.7405757196166,1875.9346407570717,98.45342048763746,1096.236291544284,90441.78247013278,50,13,0.0,500
10,522.2686921877618,2518.7097366839557,613.2820048413386,1857.309111609539,51636.14080082465,10,14,0.0,500
10,448.3061689765947,2227.461293870761,509.82148661010535,1607.217861532373,67526.1246084956,20,14,0.0,500
10,539.2001094219193,2232.531380735562,235.90720104905944,1436.6216351263847,80367.4475280063,30,14,0.0,500
10,437.49889660490396,1867.023687701931,104.45933153010944,1208.1453374576608,83315.71857795605,40,14,0.0,500
9,398.9152254042483,1706.6456952595918,42.37432745410762,1033.411893963289,87763.26565489857,50,14,0.0,500
10,437.5024712361842,2351.1791639294706,756.1302894204679,1775.5247052169464,51179.97777681695,10,15,0.0,500
10,447.47275222617645,2108.028433806049,485.0981984718149,1527.8010815771972,66102.27713368372,20,15,0.0,500
9,435.6863666566267,1980.1657659805069,254.29664742284533,1357.7478345174425,77056.28632221838,30,15,0.0,500
10,443.50588459506923,1861.8000061424486,203.48726162082784,1178.7774356890382,84058.93131104737,40,15,0.0,500
7,429.21438284548606,1678.8261718559054,44.66267562051763,1002.650557104618,85635.33904145661,50,15,0.0,500
9,379.2471911061359,1844.8457292212063,479.4579894382909,1412.4879203009275,41603.53705239325,10,16,0.0,500
10,401.91707046592626,1979.1420587352502,384.8109973846766,1445.6087354139077,62966.05755940608,20,16,0.0,500
10,411.6682930445336,1805.5042910045274,204.78638695837708,1221.0412178155698,70305.98586447744,30,16,0.0,500
8,386.35562067304755,1724.4232314466253,109.67574011700827,1096.2780899179068,78598.53573425906,40,16,0.0,500
6,369.4874441240788,1652.0796146731184,84.8802217531091,986.1053584898673,86402.50193748137,50,16,0.0,500
10,388.72651855884084,1879.2948505191848,459.8277734485737,1381.3640178985288,42304.02605609735,10,17,0.0,500
10,354.35930602871616,1783.4890209160683,374.11303507885555,1344.2125104716815,60172.470530338076,20,17,0.0,500
10,359.02385565366046,1711.8125104280468,245.4796130003378,1199.3899862518801,69877.92247383168,30,17,0.0,500
10,352.6335807137335,1588.932991115566,184.2831944286696,1099.646196739885,81196.69004479136,40,17,0.0,500
8,387.9860344477833,1678.4384939555794,153.91488683405163,987.1926545916484,87007.86619480452,50,17,0.0,500
10,322.96535582461235,1734.0316921904457,508.5362077140908,1327.5977745485711,41179.20283172652,10,18,0.0,500
10,343.1857808554994,1792.6995002479584,460.6393075949758,1336.393447195771,60538.18611512203,20,18,0.0,500
10,391.1383387226236,1655.456231995268,83.91676806027542,1159.3246160664685,69859.0546543807,30,18,0.0,500
9,331.90348567314896,1575.3864221738277,151.7154238638327,1040.0981743098155,75614.82681802554,40,18,0.0,500
10,332.60077169747296,1397.2134796256885,80.67945471576004,893.3923112544917,79758.2380427825,50,18,0.0,500
10,334.5352269006945,1631.6488121244283,447.39715487928027,1228.147105745805,40665.40214560962,10,19,0.0,500
10,363.83290466692097,1736.7147424535651,350.6559830894406,1277.7780484851123,58769.0111993989,20,19,0.0,500
10,332.5313502947737,1633.8257850041934,251.39757261847413,1136.192601799483,68702.27041964864,30,19,0.0,500
18,323.66989623276066,1426.5921456402853,44.245835845153096,942.6643384297737,77339.70862515601,45,19,0.0,500
10,300.0718898364375,1762.3799804986018,526.8515138906052,1361.342442135175,46332.59400146576,10,20,0.0,500
9,335.2494527385255,1709.2169299291274,356.87083415460086,1270.0840589564068,60549.97612183807,20,20,0.0,500
9,339.5220474878592,1631.9160243036456,202.88601011836874,1095.166623867877,66711.32203098362,30,20,0.0,500
10,306.40088426716324,1396.8965749964846,158.50672104782853,929.6809929414497,70540.17242284176,40,20,0.0,500
10,302.16106496935583,1323.0370533144364,66.35610167645083,863.3481723132263,78349.97833732123,50,20,0.0,500
10,5129.4558614371435,18106.704894987095,2334.1759215905527,10251.48391939911,152261.60870796518,10,1,0.0,600
10,4122.5179972486785,15827.533681582418,646.8357053248538,6414.552602769661,186464.45075334096,20,1,0.0,600
10,2651.5051304555586,9810.834688279834,282.1318023514373,4068.8723178936025,175124.0419596844,30,1,0.0,600
10,2430.877773339289,11077.656236505147,83.14597100474528,3211.528941366242,180354.24621100439,40,1,0.0,600
10,1949.933320020708,8111.460495110489,94.70628188922595,2694.0978557192325,192488.88438282424,50,1,0.0,600
10,3538.7073516308665,12961.085173159925,1797.0974917100298,7565.011564308098,120143.84054508856,10,2,0.0,600
10,3174.6426118551913,12670.931560581948,890.3413404175468,5510.743599633794,161038.51567826723,20,2,0.0,600
10,2348.0250462138124,9768.001868304651,317.4518615913331,3857.1936236272204,173103.70863645256,30,2,0.0,600
10,1983.192793994792,8103.312642182711,207.80765654568262,3208.2058667501406,185689.4057102251,40,2,0.0,600
10,1403.333221093346,5968.771832682573,120.768860460832,2232.2426574241154,159170.77841333006,50,2,0.0,600
10,4135.589115284682,14750.937295367534,2289.2951572551756,9159.680696231004,154618.78788650612,10,3,0.0,600
10,2272.9273205711606,8486.569781613236,517.8278567049779,4877.289500753585,149646.21414206756,20,3,0.0,600
10,1761.6432521669024,7068.449879020639,263.54968334018656,3387.40229777461,152271.72633406887,30,3,0.0,600
10,1893.8605575831582,7801.28799160243,167.51222841609643,2865.9155102712966,166010.23914553906,40,3,0.0,600
10,1409.5124200788014,5891.837655968671,183.78544537872818,2414.3906646588352,175181.19161454795,50,3,0.0,600
10,3219.7487916994987,12147.828978162315,1638.2808357806873,8161.894151449744,140334.94279269548,10,4,0.0,600
19,2160.7305493852305,8062.946445201544,569.843443501597,4152.951655012164,155386.3714533297,24,4,0.0,600
10,1351.2512340462995,5293.952372838479,198.8735804932275,2591.3452929268587,155578.826422085,40,4,0.0,600
10,1349.641529866931,5503.454555432978,216.23658757670037,2185.619617571751,160861.9991684706,50,4,0.0,600
10,2161.553450576338,9167.477903555064,1666.8407193842,5915.083749375766,113384.6293757769,10,5,0.0,600
9,1758.1637962573045,6669.337242287555,485.05977912118243,3771.383706490657,121782.96870417587,20,5,0.0,600
10,1631.644429333899,6603.042221775553,485.91529451611734,3228.4763976241184,149596.521771843,30,5,0.0,600
10,1445.1702473851049,5723.466630143547,198.7336187496373,2719.694854171994,163123.09153353708,40,5,0.0,600
10,NaN,Infinity,Infinity,Infinity,Infinity,50,5,0.0,600
10,1976.0760653950797,8354.387202496544,2054.458012820991,6018.965877513987,117125.91247754094,10,6,0.0,600
9,1491.4138224728326,5909.063596734496,818.7056667557221,3710.9865540354417,123055.22332303858,20,6,0.0,600
10,1190.7660979706156,4767.60444948726,463.82888763096605,2911.0579262956912,138967.57376485923,30,6,0.0,600
10,NaN,Infinity,Infinity,Infinity,Infinity,40,6,0.0,600
10,1139.385298663488,4611.922743343368,131.90646109728107,2135.162395831988,162149.12264281514,50,6,0.0,600
10,1437.8940262757887,6033.389316735966,1598.425727029533,4073.3520337538334,83177.75574510606,10,7,0.0,600
10,1276.1020183139437,5409.604781376778,760.2959913095639,3300.6788439881093,109125.63236173522,20,7,0.0,600
10,1135.4103131090278,4639.255139114273,659.2917938967906,2761.951953578822,135304.97819764487,30,7,0.0,600
9,1158.9930452408582,4448.879632510942,132.78615897747895,2280.70271462068,143013.8117093785,40,7,0.0,600
9,1054.53100375679,4288.817226249917,35.574111054887766,1995.377740313696,154361.31116154496,50,7,0.0,600
10,1200.718041874441,5463.814972066853,1230.6264484847263,3887.2200147504745,85389.1554096767,10,8,0.0,600
10,1559.830745405331,6236.250604164034,692.8321462134211,3883.712627929873,138618.62011926807,20,8,0.0,600
10,1123.9393766884452,4580.514547958688,399.6359556055752,2677.322958408475,135861.07864472366,30,8,0.0,600
9,948.3103837880595,3956.5106006147876,124.87051203696835,2172.434056829268,137443.2791223497,40,8,0.0,600
9,966.6498312003455,3592.8823851792718,115.34326494045985,1871.4801440718345,146942.47780938327,50,8,0.0,600
10,1215.4013636247862,5636.990111047542,1294.4725197674297,4013.2265529030565,90119.55361971188,10,9,0.0,600
9,1220.6112081889637,5511.2825768652465,831.2349092179911,3590.102916235963,132699.57044451116,20,9,0.0,600
9,1093.5577495898128,4581.384748691463,309.0640619930502,2603.334585154695,130935.59911850504,30,9,0.0,600
10,891.473826435244,3703.355423564836,309.46932175380226,2063.5547035290624,133438.07206918992,40,9,0.0,600
10,746.8915757153229,3042.857582637299,128.89606486528015,1697.932057005391,137035.3954681323,50,9,0.0,600
10,975.0368378334297,4699.020620487128,1301.0105542455797,3367.737484130409,78563.47067420153,10,10,0.0,600
10,1029.3220682127746,4639.871936621634,796.9908339445383,3053.5966279365584,113682.04053039597,20,10,0.0,600
9,1048.3649851521602,4117.362728315811,369.04640682611983,2548.987271162978,130074.63034027499,30,10,0.0,600
17,763.6968638410856,3081.351545972324,192.5806967861618,1847.3875739262749,130990.8252441034,44,10,0.0,600
10,1034.1720726343426,4885.148585165361,1349.105414887121,3704.1172504664587,91032.54078606497,10,11,0.0,600
9,885.7382079571079,4032.4306248969265,721.8880534819878,2804.944412026706,111212.34617489205,20,11,0.0,600
10,868.3615400408229,3556.661717702927,418.71582482792917,2313.693637686395,122664.41082766501,30,11,0.0,600
10,790.6247946785596,3384.3617556049767,226.09977658029374,2033.2424020030758,130621.93486672826,40,11,0.0,600
9,710.463921645392,2952.527094291826,104.12715789984175,1591.8283299365119,128673.27081381291,50,11,0.0,600
10,649.982723869349,3348.8346279951047,991.5575578655778,2480.6040268656316,62737.10024586576,10,12,0.0,600
10,830.0929050586321,3644.340348351396,712.406767790662,2539.7512301449633,102047.33735101276,20,12,0.0,600
10,790.5034361624876,3320.8417869879113,331.83419317497356,2258.6275931083424,123461.67752890976,30,12,0.0,600
8,807.3141663753481,3375.678778205356,218.9024593696918,1964.0552463838635,133782.80577108965,40,12,0.0,600
9,768.0631953949018,3151.9094315366237,115.60232040386248,1732.1690481705455,140663.95135080095,50,12,0.0,600
10,726.69445819869,3445.426777942515,784.9275902541813,2585.2881333930627,68842.67050904289,10,13,0.0,600
10,782.4754765277054,3665.481176139891,588.9864182062464,2569.4888848089004,104197.58539811798,20,13,0.0,600
9,765.299936243734,3382.306284574247,598.8372776249156,2208.8674179421596,122549.11380412996,30,13,0.0,600
18,646.3498655516056,2763.1907331459674,157.778771839752,1678.6106171631411,124965.08919888602,44,13,0.0,600
10,706.9312060205973,4000.8074769287814,1163.0884945517164,3090.4176819736585,84587.11759750858,10,14,0.0,600
9,711.0147836594272,3109.070714629507,434.1170261899819,2197.1275770761827,92936.3849273856,20,14,0.0,600
10,609.0969749425408,2722.962688647042,403.8511523566766,1830.6227358799486,103048.40827939393,30,14,0.0,600
10,646.3972821367186,2693.7801315657844,67.2030736053591,1655.571182535529,116933.3778797872,40,14,0.0,600
9,628.9136388471973,2577.5298772148826,124.99821570637793,1560.7444081015667,132213.5475150509,50,14,0.0,600
10,588.1460864262863,2892.9883744203626,797.3452197767172,2216.005630053169,63228.23459962398,10,15,0.0,600
10,644.8609061260672,3089.615049347017,654.0894718439888,2292.6131066838034,99156.12151560833,20,15,0.0,600
10,709.997525146086,2870.388174724293,281.8546628391003,1899.5488929443632,110446.03215409715,30,15,0.0,600
10,571.5251480806677,2666.9634385894888,329.2383600386214,1727.6233422481957,122620.4367440942,40,15,0.0,600
10,596.0978951634697,2456.8034948076456,85.4426498334537,1419.8347166997494,120249.98850377076,50,15,0.0,600
10,532.0441767172485,2720.216724288458,825.7789208659445,2111.9747826439725,63597.92816215458,10,16,0.0,600
10,630.0132516169285,3071.054235234015,560.6999066368568,2216.0505793937104,97113.29206748263,20,16,0.0,600
10,638.8074620258166,2695.385324050527,256.4734380998234,1838.9591480277527,105923.67927240251,30,16,0.0,600
10,561.0376720599915,2529.302701001259,166.37500893872408,1610.4494963820366,116804.6439397325,40,16,0.0,600
9,591.0342774446099,2433.6286982429915,107.26823799998245,1493.81901655459,127751.80399346471,50,16,0.0,600
10,477.5489830602779,2386.495094388241,549.2054265499771,1766.8589423898698,54257.96433363664,10,17,0.0,600
10,623.6802749921355,3177.2868298686567,766.3791582415917,2260.2012692444264,101417.06704440841,20,17,0.0,600
18,538.6009593636886,2390.6821829766277,170.35878147023627,1605.301734657941,106080.09144060739,35,17,0.0,600
10,537.4237655834327,2276.935128683016,93.03427279073018,1443.7814085878358,126845.22919552324,50,17,0.0,600
9,484.5571412912385,2525.665942048008,613.2406643893415,1923.0198603943822,61162.15854130391,10,18,0.0,600
18,542.8788882697943,2621.403541557964,520.5758371301316,1851.347925905171,95331.65086550132,24,18,0.0,600
9,481.11302976094277,2186.9502173421415,274.49806802722696,1484.2365170779585,110171.76713214579,40,18,0.0,600
10,474.2305603645753,2100.6830547487907,83.52796585281641,1329.4808523869933,116873.88429610714,50,18,0.0,600
10,462.6983074288215,2323.6063079868554,531.6458440467586,1770.5441692980742,57500.368858962705,10,19,0.0,600
10,502.95325750383427,2552.9591045431707,517.6387734428273,1916.619661282792,88900.59757212273,20,19,0.0,600
10,564.5742155939223,2491.9312472523807,386.9088597965142,1720.6838713691582,103890.75818141259,30,19,0.0,600
10,493.464447023555,2146.449730407932,205.7639566467813,1476.8528927493696,110741.0132565992,40,19,0.0,600
8,462.0958022056794,2003.2730131043572,153.5882784684121,1276.6886913078797,112758.03063040454,50,19,0.0,600
10,427.85164099418915,2206.161701796003,586.4752164798654,1667.6240392647571,56171.43967999016,10,20,0.0,600
10,444.5988606212315,2297.270989016265,496.4620272319409,1747.3257939304713,84360.8796421276,20,20,0.0,600
10,442.5434998749115,2037.9774801399137,322.09655728803807,1465.9954557932201,90840.2347385649,30,20,0.0,600
10,466.3832881597318,2225.3004420423704,276.6674099552034,1491.1621258974687,113482.92856993052,40,20,0.0,600
10,467.12071584959887,2149.29523299001,135.8210973225874,1349.5999618859348,121236.83979169454,50,20,0.0,600
